<?xml version="1.0" encoding="UTF-8"?>
<project-private xmlns="http://www.netbeans.org/ns/project-private/1">
    <editor-bookmarks xmlns="http://www.netbeans.org/ns/editor-bookmarks/2" lastBookmarkId="0"/>
    <open-files xmlns="http://www.netbeans.org/ns/projectui-open-files/2">
        <group>
            <file>file:/D:/Studying/Java_KiemThu/BaiTapLon/QuanLyKhachSan/test/testing/testLayDsKH.java</file>
            <file>file:/D:/Studying/Java_KiemThu/BaiTapLon/QuanLyKhachSan/src/quanlykhachsan/FXMLDocumentController.java</file>
            <file>file:/D:/Studying/Java_KiemThu/BaiTapLon/QuanLyKhachSan/src/quanlykhachsan/NhapKhachHangController.java</file>
        </group>
    </open-files>
</project-private>
